{
  "speed1": {
    "features": [
      "voltage_V",
      "current_mA",
      "vibration_rms",
      "power_W"
    ],
    "mean": [
      4.7371689071498215,
      160.19249039495287,
      9.815504909422215,
      0.7547080849177842
    ],
    "scale": [
      0.2916426621687512,
      29.5389264425985,
      0.19158968234155052,
      0.12185981481698213
    ],
    "score_min": -0.7071517849607469,
    "score_max": -0.375637427543254
  },
  "speed2": {
    "features": [
      "voltage_V",
      "current_mA",
      "vibration_rms",
      "power_W"
    ],
    "mean": [
      6.758476693696922,
      242.61770278942237,
      10.05195999942611,
      1.6372177157556111
    ],
    "scale": [
      0.3856551784426642,
      39.90872405020041,
      0.8713514565011078,
      0.2689763125906011
    ],
    "score_min": -0.6703078561248431,
    "score_max": -0.39438389797511975
  },
  "speed3": {
    "features": [
      "voltage_V",
      "current_mA",
      "vibration_rms",
      "power_W"
    ],
    "mean": [
      9.716330663644168,
      373.4275360241355,
      11.148879861341584,
      3.6322696491478386
    ],
    "scale": [
      0.36740643170445325,
      59.43104959141282,
      1.154682973662407,
      0.6209248874594925
    ],
    "score_min": -0.6869649900555643,
    "score_max": -0.3931019346984893
  }
}